Actual Sales,Predicted Sales
18.693,18.62082999999998
18.176,51.350789999999904
539.658,224.98311999999987
772.68,607.3963000000001
839.43,614.1023999999999
1951.84,2221.283359999998
181.35,213.0934500000003
68.94,73.27028499999994
4.36,4.125990000000004
58.34,60.34804999999996
271.44,269.2390500000002
89.97,81.79218999999978
58.36,60.509930000000004
58.05,55.99819999999983
17.22,92.21403999999998
8.64,9.045400000000024
13.12,13.778349999999994
311.98,357.32695000000103
89.991,120.16974250000001
680.01,679.4855699999997
39.76,57.79265
82.656,91.59007999999999
103.481,125.69967999999989
6.848,5.30630000000001
18.272,17.84364
79.96,101.48744999999997
487.984,484.0469199999988
149.95,268.3837300000002
139.96,521.0807399999997
43.584,43.19208000000006
1000.02,1084.3882300000005
67.96,78.30136
22.96,22.448030000000013
3.81,3.9068599999999982
261.96,232.84801249999992
49.12,48.64650000000005
15.008,11.138299999999983
8.56,8.258350000000014
6.48,6.487600000000014
55.176,58.81065000000006
12.24,12.178000000000003
38.864,48.0052299999999
23.92,24.755680000000005
181.47,299.64690500000006
33.282,41.665400000000005
392.94,275.6086199999999
3.318,3.565739999999999
198.272,218.1004199999999
1.98,18.567979999999984
27.24,28.987749999999934
76.864,76.46631999999983
863.64,327.98851999999965
133.2,143.6504000000002
7.96,7.89795000000001
167.292,149.0753100000001
23.12,24.250679999999992
70.26,74.80503000000009
7.64,7.807500000000001
9.568,10.344879999999987
204.95,209.69194999999988
78.35,78.6266
13.128,15.608120000000026
344.22,536.8141164999998
9.912,9.64116
3.488,4.240499999999998
9.888,9.277614999999996
383.952,385.6214300000002
161.61,146.55045000000035
17.88,36.05460000000001
637.896,815.0147754999998
54.96,55.58689999999978
13.762,12.731660000000028
45.216,39.64453000000001
272.4,276.76141999999976
1013.488,879.117377500001
12.448,11.673439999999992
64.96,91.79756999999985
27.15,28.60934999999996
2.724,2.6489099999999994
199.95,195.12034999999992
79.36,83.70179000000016
1702.12,2158.4832649999967
31.4,44.0110399999999
352.45,385.6701124999998
166.44,166.4385499999995
30.18,29.920599999999972
22.38,22.88799999999998
35.808,37.045359999999945
1079.85,1423.3752799999984
27.396,25.692084999999977
132.696,166.3463199999998
13.12,14.708739999999995
12.96,13.079200000000025
41.9,40.578269999999954
171.96,254.07919
5.46,6.291440000000008
220.704,202.66301999999982
199.9,110.99433000000008
9.096,24.827659999999955
333.576,237.57447999999968
109.95,116.99561999999989
19.44,19.429450000000045
23.08,36.57650999999996
1141.938,1083.3023099999998
15.25,14.759249999999987
4.712,6.23892
344.91,54.41734999999994
50.8,37.91689999999993
174.286,146.73192499999982
8.856,8.937589999999998
3.048,3.258904999999998
20.784,72.14178499999991
500.24,777.4409499999998
274.8,284.2742500000002
51.984,27.93928000000002
114.288,172.6411699999998
20.608,23.254320000000007
24.56,24.6418
5.22,5.372949999999995
6.24,14.55669000000001
123.144,140.20712000000032
19.296,18.01799999999997
10.86,10.81624999999997
36.63,68.86939999999993
42.616,42.82048999999997
284.82,262.39895000000075
57.96,59.10384999999986
383.84,360.71021999999925
44.95,114.81983
501.81,297.02786999999984
19.008,20.803840000000022
160.32,147.59571999999966
15.552,15.578520000000019
40.096,38.24171999999998
40.2,39.00280000000001
106.232,109.08312
85.98,147.9020699999999
252.8,439.89009299999896
8.896,10.007180000000004
15.51,31.12277999999998
149.97,184.21974999999995
35.168,58.40492000000003
1169.694,1147.827155999998
545.916,858.9047875000007
6.88,7.1896599999999955
222.32,301.40444
20.16,20.1702
30.384,31.61149499999997
17.04,21.754549999999995
31.68,29.356099999999934
259.136,469.3109289999993
321.92,342.1096100000001
4416.174,1915.897521999999
12.96,12.972000000000028
12.984,13.703959999999993
470.376,431.2139999999995
2.61,3.112600000000006
13.904,13.795079999999999
6.56,6.3734399999999845
4.36,4.6775399999999925
6.8,7.695150000000005
59.7,104.5708199999999
55.936,53.20103999999999
2399.96,2240.1898100000008
26.7,23.029049999999984
63.312,59.65827999999997
670.752,561.2830520000003
4.36,6.399699999999989
76.776,73.77012000000003
646.74,1093.9913800000004
18.588,17.900679999999983
4.158,4.4951950000000105
368.97,360.9943500000005
123.96,46.66884999999996
29.95,30.586899999999936
3.304,3.332554999999997
686.4,485.8546199999998
51.12,49.319849999999995
337.176,387.3242169999996
3.366,2.804250000000003
29.52,29.483500000000003
42.616,43.43280999999998
95.76,92.09919999999984
120.98,137.1137529999999
29.8,27.321439999999974
5.553,5.216820000000012
10.44,9.847000000000003
33.488,31.332360000000023
6.48,6.478400000000014
43.41,41.200149999999915
3.928,3.8550700000000035
60.6,60.13748000000009
23.99,21.52214999999996
64.944,33.82889999999998
291.96,361.5712799999999
134.48,174.32463000000004
40.67,25.957500000000024
122.352,171.6794474999997
38.9,35.719600000000014
12.96,12.963000000000028
12.624,44.00188999999992
28.44,41.176030000000026
71.97,54.037490000000055
1564.29,1621.0772300000003
344.22,327.8010415
12.96,12.971000000000029
478.48,619.1743899999997
1115.17,1823.1887399999987
1049.2,902.4135500000008
13.52,12.967100000000022
79.44,161.6516399999998
291.136,403.91645599999936
383.607,388.8866674999993
7.92,11.802069999999993
146.73,97.88744000000001
2.78,2.414539999999995
47.984,66.93695000000001
978.84,1007.6019200000003
8.288,8.981720000000003
79.96,276.41226999999975
25.92,26.00110000000005
307.98,300.1565000000012
9.664,9.71112
41.94,51.33101
7.184,7.09496999999999
859.2,726.5748390000003
4164.05,2227.3510899999987
291.168,259.8718659999994
58.924,62.31087000000003
20.724,18.349604999999983
45.888,49.05058999999999
7.78,7.942659999999992
195.64,196.6436999999999
7.968,8.279520000000012
35.0,36.98889999999999
14.62,14.618699999999938
573.174,427.8573974999994
24.78,21.54835000000001
16.656,22.790159999999993
182.22,256.3897800000002
288.0,276.4985700000001
87.71,89.13914999999966
70.88,69.68650000000014
232.4,233.50848000000016
18.96,49.3329
10.368,10.674199999999983
27.86,30.62239999999998
27.12,54.866780000000034
19.75,17.531100000000016
42.81,41.86464999999994
25.35,50.19837000000007
23.1,22.12674999999998
15.76,23.473360000000028
124.36,107.18655000000007
191.968,143.87528000000006
16.776,42.46189999999997
92.94,92.22090000000006
863.128,407.5201149999997
14.496,14.649399999999982
2.688,4.062000000000003
318.96,321.18110000000024
30.672,27.90219999999996
70.95,61.496179999999974
19.44,19.440000000000044
226.2,231.2992000000003
78.35,81.31499999999997
6.096,8.791380000000007
45.36,45.39804999999994
10.368,10.36907999999998
24.96,23.119699999999998
23.32,18.03635000000002
1268.82,1438.2103700000025
3.592,3.331044999999995
1091.93,943.3213600000006
166.84,146.6515500000001
48.784,51.103449999999974
53.424,47.72514000000004
382.806,682.3830129999994
657.552,571.1998400000008
64.624,69.28580000000005
118.0,107.99447000000005
38.136,39.419879999999985
16.448,16.409200000000027
14.78,96.71829999999987
33.44,34.32188000000002
229.544,369.47782749999976
32.792,44.94455999999995
172.186,258.43350599999985
19.44,19.440000000000044
27.384,19.325440000000018
503.96,465.3942500000005
11.56,11.616899999999964
332.94,147.9113599999999
43.28,37.924839999999996
6.48,6.31606
94.85,95.25300000000003
46.53,138.22346000000002
22.911,24.64840499999996
47.984,59.773680000000006
58.248,60.91865000000004
45.84,102.24392000000009
10.78,10.611700000000008
767.952,2043.56024
51.168,145.43319999999994
40.99,41.55274999999994
10.95,38.257819999999974
377.928,1324.3673700000002
25.92,25.824040000000032
6.264,6.207339999999992
11.168,10.643019999999987
21.36,33.61126999999998
97.04,13.889179999999996
127.95,63.491539999999965
74.352,73.78372000000023
5.184,5.193999999999993
39.582,35.71518500000003
16.192,16.697980000000005
101.4,117.71900000000004
647.84,657.894965
116.784,120.24099999999991
319.9,372.4402849999996
7.92,62.947560000000074
1487.04,1723.730310000001
7.968,8.21472000000001
18.496,20.620919999999998
109.9,110.65425999999985
95.1,120.74593000000006
104.85,145.99589999999992
2690.97,3287.714249999998
164.646,241.67786749999945
239.97,199.35899999999995
1871.88,1964.8636049999986
1259.93,2211.208489999999
14.94,14.904000000000035
19.648,20.508599999999998
65.34,80.8368949999999
36.4,35.66584999999999
194.25,201.159374
279.95,261.57138999999995
26.88,28.40479499999997
5.84,5.761839999999993
19.44,19.440000000000044
373.08,553.3148999999993
81.92,87.75104999999996
27.744,29.248039999999992
3.592,3.9055100000000005
68.52,70.31035000000016
159.984,176.96929000000003
11.808,11.541520000000014
359.772,263.27439200000003
97.984,132.80399999999983
158.376,182.8279749999999
17.04,16.669400000000028
16.464,17.53779999999997
30.4,32.07344999999998
120.784,42.051359999999896
284.97,196.41950000000023
3.132,3.498334999999999
286.38,381.11311000000023
273.568,246.0424999999998
40.776,35.694509999999994
129.98,196.72205000000017
49.12,48.50559999999995
35.56,48.59358
572.58,220.2276800000002
87.36,132.13564500000012
56.45,127.47460000000008
65.568,69.23644000000006
12.96,12.953500000000027
12.39,11.962749999999993
2404.704,1681.0970650000024
544.38,588.8632200000013
45.66,46.224199999999975
6.16,7.534760000000008
10.848,10.304919999999989
267.96,178.2662699999998
39.99,81.34525999999993
1718.4,1235.1875050000008
87.21,236.73979349999982
203.52,191.78709999999992
11.76,11.864350000000002
234.45,317.8477799999999
89.696,102.11164
56.56,85.41249000000002
14.91,15.63183
11.36,24.79935999999999
14.97,25.500090000000004
51.8,49.52025000000006
242.624,283.7819299999998
896.328,515.4245749999999
182.91,219.54068999999984
33.62,39.92305999999995
13.84,13.337990000000008
359.88,263.9074399999996
121.104,122.05950499999972
14.016,11.147480000000003
59.52,58.14020000000022
11.96,12.575250000000004
23.04,23.236700000000006
641.96,694.8389750000003
3059.982,2549.5576549999987
97.82,96.77740000000006
182.352,194.98183099999991
46.2,74.53293999999998
276.784,294.8869999999995
77.728,207.91730399999952
14.2,28.285889999999966
2.808,2.8237300000000016
108.608,341.3603499999997
35.12,152.7697299999998
4.272,13.089400000000003
159.84,310.7635874999996
103.92,161.78357999999992
1606.23,1730.4881000000041
98.16,103.54624999999996
12.84,12.636199999999999
26.72,52.97367999999999
273.568,264.8215250000003
61.192,74.57862999999999
14.76,17.008440000000032
177.68,210.3897899999999
13.92,14.315880000000016
572.16,526.3431100000012
17.024,13.99158999999998
689.82,177.2661600000002
21.98,32.25756999999998
721.875,963.2393500000012
5.984,2.667689999999999
31.68,32.54841999999999
155.82,290.60720000000015
121.3,104.7533
1113.504,1570.7606000000005
14.62,14.65854999999994
36.288,36.817559999999865
5.352,16.36469000000001
39.264,77.42706000000007
76.728,59.787009999999974
879.984,1241.473094999999
10.02,13.540209999999984
111.79,140.4567600000002
17.14,44.29796999999997
27.168,51.00176000000001
32.4,32.5905499999999
11.16,13.229249999999993
383.952,300.94740000000024
77.952,74.33346000000002
7.408,13.947319999999984
191.976,175.56308999999987
72.784,116.73520499999987
131.88,171.91496000000006
335.52,350.219599999999
31.5,31.791899999999973
45.92,45.66780000000004
7.968,8.137680000000016
91.68,98.00196000000007
31.504,33.16104
8.72,8.73495
763.44,210.8239500000002
36.4,38.30819999999997
359.058,339.55794499999973
28.14,69.95351
314.352,360.5329329999997
34.24,35.037549999999996
445.44,559.0926019999995
47.4,56.94518000000006
39.68,37.59410000000002
15.552,15.584880000000021
528.43,456.67975499999943
209.97,199.09863
204.95,208.79074999999978
1801.632,1705.5864299999992
194.848,284.55354499999953
19.14,19.701900000000066
104.9,97.26700000000007
33.28,31.53561999999996
287.94,440.45390999999995
25.98,25.551549999999985
1403.92,858.7364200000004
11.56,11.73225
39.98,46.62041999999999
26.96,25.810630000000018
32.7,245.20349999999985
40.99,41.52009999999995
74.0,77.6252
108.784,147.98909000000006
671.94,972.5532000000004
113.22,102.51917999999998
14.73,15.44325
791.964,592.2441410000001
158.9,173.87105999999991
143.432,161.18274499999995
158.376,181.47657500000005
33.94,81.83866999999984
12.624,94.27603999999988
17.94,18.089150000000046
1158.12,955.7570199999994
74.52,73.5664000000001
661.176,705.0886814999997
5.607,4.843350000000004
3999.95,3788.908140000003
194.352,280.0430749999996
1.167,1.749465000000002
29.718,27.879000000000005
12.72,13.225300000000036
136.784,206.7087409999999
13.16,12.10596
40.68,152.19784499999992
9.912,9.290479999999999
42.95,31.596049999999973
79.872,87.65816000000002
2.74,2.4423449999999955
229.544,366.99474749999985
11.52,11.864949999999974
11.52,10.329040000000013
166.5,259.89499450000045
17.48,17.51100000000002
20.704,24.19780000000001
13.272,12.641160000000005
56.064,61.24620000000008
3.69,3.778610000000011
13.76,13.77308000000001
239.97,206.81869000000006
477.666,820.9902600000007
51.52,68.55053000000005
1.624,3.6884900000000043
181.764,170.6647499999998
44.75,60.98200999999994
370.62,461.90181949999914
16.39,15.850019999999981
77.58,96.70239999999995
319.92,331.8115400000003
64.96,66.73613999999996
24.88,49.12459999999997
8.856,9.103270000000007
51.96,420.97190750000004
18.496,20.685080000000003
1793.98,1915.1340500000024
1614.582,1495.1617950000002
15.696,15.059959999999965
21.4,20.39910000000002
10.272,10.060999999999982
58.17,63.90320500000013
81.96,75.08792999999993
5.214,5.248620000000019
51.55,51.352999999999994
6.24,7.033720000000003
21.38,20.314599999999935
203.976,323.9753099999996
153.78,459.7160000000002
147.184,149.9291300000002
301.96,293.7813899999999
59.808,54.60008
449.15,300.05350000000016
408.422,253.39197300000006
30.816,23.729400000000002
8.67,8.702799999999998
388.704,549.3716149999988
32.088,32.39944000000002
36.288,36.25235999999983
5.344,5.323320000000004
47.984,43.06139000000007
22.62,20.051840000000013
85.96,85.62964999999981
991.764,1482.0621524999997
2.469,2.4790149999999915
10.752,9.623639999999993
9.144,9.203680000000007
49.568,46.18215999999998
15.0,15.461099999999988
32.4,32.402599999999914
58.73,47.70940999999994
29.6,30.55950000000003
2.214,2.323305000000002
332.94,230.6462
97.3,292.9737200000005
24.96,20.21546000000002
371.2,497.6572000000008
111.96,72.43867999999996
10.608,11.97867
6.63,9.29366
39.96,66.0751699999999
190.896,226.23521499999967
207.846,275.64012749999966
7.968,8.413720000000007
3.024,3.0538600000000016
33.93,29.969549999999984
13.86,11.201524999999997
93.032,166.61472000000006
377.97,380.4271300000006
121.94,114.27574999999983
122.91,141.8775799999997
25.92,25.990550000000052
129.39,212.30749999999992
40.29,52.73090000000003
70.12,105.11978999999995
32.4,32.662349999999904
119.833,130.86434599999993
31.4,49.16586999999992
72.294,85.75350999999996
1.824,3.1059300000000025
60.12,61.0752000000001
194.7,232.9575099999999
11.808,12.264520000000013
87.6,90.68385000000018
546.06,607.3616499999998
7.12,11.051070000000003
22.344,30.74870000000005
11.52,11.92482
3499.93,2687.3623200000006
563.808,320.00222499999944
5.432,8.350740000000002
169.68,273.50650000000013
4367.896,3102.959535000004
339.96,317.0466200000003
53.7,103.21514000000003
33.9,21.587880000000006
33.04,33.858199999999954
247.104,452.60947999999973
166.5,67.99183999999985
35.168,57.415569999999946
18.75,21.353400000000057
189.882,416.44982350000015
12.132,27.333519999999975
31.104,31.909360000000007
41.4,40.85864999999998
279.9,290.2383000000006
4305.552,3541.0172899999993
60.35,111.42283999999992
58.416,64.31848999999998
95.976,153.1205799999997
14.2,14.188100000000006
37.208,41.534159999999964
11.05,10.419699999999995
71.928,182.67343999999983
725.84,1034.2212399999992
18.496,20.48272
646.272,568.8179899999988
20.856,22.713839999999962
10.272,9.80383000000001
2.784,10.09552
344.91,55.04175999999996
1.72,1.8473599999999997
27.882,27.17526500000001
511.84,950.1775799999997
34.05,84.74246
22.32,22.230200000000004
5.98,6.3242500000000135
42.384,43.89387500000004
801.568,670.7471374999993
5.88,4.59313999999999
155.35,491.6642699999988
3504.9,2133.770245000003
7.98,8.090090000000005
12.96,12.968000000000027
11.54,11.427349999999985
17.61,17.460300000000014
395.94,363.0254500000002
434.646,397.1680149999998
333.09,158.25419999999983
102.13,57.53271000000009
10.368,10.329359999999978
44.02,39.45470000000001
197.97,204.65365000000045
272.736,433.28133799999995
11.088,11.069495000000002
742.336,793.0212599999996
56.686,103.50200500000004
6.24,6.244500000000006
720.76,854.6478299999995
40.712,51.24110000000008
73.176,88.20379500000004
77.52,79.00175000000017
20.82,27.263249999999935
73.915,130.45913250000004
18.9,18.652650000000037
66.112,43.88106000000012
278.4,289.72880000000066
14.304,14.868719999999989
18.84,11.215884999999979
45.528,46.89055999999996
5.248,5.2852000000000166
4.224,8.432760000000007
2.376,2.6163000000000016
62.31,89.49323999999987
16.99,14.90984999999999
25.71,113.20485999999988
18.2,24.794840000000008
15.224,19.652330000000035
56.7,60.28139999999984
199.836,341.8996269999997
34.58,35.76965000000004
539.964,523.0897650000018
6.28,11.130710000000008
2.946,2.9849750000000097
100.704,106.07812000000006
50.352,115.99184000000007
361.92,399.07956500000046
572.58,162.09916000000013
55.48,56.113299999999775
5.184,5.239319999999997
24.75,38.68668000000003
944.93,866.0068399999989
35.88,35.32584999999999
9.522,9.39650499999999
384.174,337.05579250000017
105.584,97.53314000000006
12.7,12.333800000000013
71.28,75.53335000000013
3930.072,2130.9198085000007
8.096,7.682879999999995
665.408,847.6365500000004
180.96,199.38120000000006
153.728,179.20635999999988
24.1,23.234750000000027
161.376,109.17231999999994
120.15,150.02877999999987
33.36,39.81089999999999
86.304,89.42212000000004
23.84,18.870250000000024
704.9,354.689915
419.9,532.7906649999995
1919.976,1150.6817199999996
61.96,301.69653500000044
8.92,14.802850000000003
22.608,21.40062000000005
99.2,97.27043000000009
2799.944,2971.900095000001
115.136,190.9858899999999
102.336,68.47711000000005
4.17,8.183330000000007
128.124,235.54913
17.9,24.943669999999994
11.52,10.293950000000002
165.6,142.0834499999998
25.02,115.81526
4.448,4.101159999999999
98.21,210.6583000000003
5.184,5.2220799999999965
443.92,90.06423999999997
8.56,8.49879999999997
47.82,46.226899999999986
83.92,85.22876000000014
49.568,46.47543999999998
4.95,45.07352999999996
19.44,19.436550000000047
512.19,548.1774899999996
1299.99,756.8425550000002
28.8,30.066639999999975
38.16,40.35610000000005
63.56,90.91885999999997
9.45,12.973029999999987
302.384,343.87960999999945
8.72,38.56589000000001
148.288,127.53778999999986
2519.958,1237.0172360000004
302.45,368.82662999999957
239.984,252.77439499999937
915.136,1160.8672974999995
16.52,16.223079999999996
35.168,117.74452999999988
29.2,37.07074999999997
24.588,36.247819999999955
169.064,141.07930999999988
25.584,26.19115999999998
23.988,89.41783999999993
59.97,52.844250000000045
264.32,231.45573500000006
14.301,13.564794999999986
506.28,894.5791099999984
191.968,303.0851874999994
59.52,57.5208500000002
45.696,37.92605000000001
370.14,507.50366000000054
131.376,95.28491499999984
901.95,897.46104
10.71,10.084349999999995
5.28,9.145060000000012
241.568,157.31449999999987
556.665,541.081224999999
64.14,61.35841000000003
32.4,32.43749999999991
39.9,40.92209999999999
55.6,60.637139999999945
62.296,61.23444000000005
15.552,15.55560000000002
37.94,38.423399999999894
12.544,13.280360000000012
19.04,19.520100000000046
257.94,472.2324500000005
637.896,673.1042774999994
16.448,16.738200000000035
17.88,16.04408000000002
37.68,37.469000000000094
136.96,150.43331999999987
59.94,59.659949999999974
6.912,7.2517499999999995
3149.93,3171.2334299999975
2152.776,1905.3052550000011
18.9,18.855450000000054
14.62,14.646349999999945
209.88,125.4911399999999
83.25,165.37667000000033
12.6,13.199750000000043
359.058,335.26617999999957
56.3,54.05310999999999
302.94,484.4073600000005
116.28,118.94549999999975
48.16,45.67369999999998
77.72,79.790225
362.25,694.342099999998
324.9,353.84420000000034
147.168,178.00413999999967
27.78,30.049999999999976
705.544,746.4537400000013
9.96,10.237649999999995
191.058,329.1136784999996
23.12,23.051249999999985
79.76,68.53005000000006
38.62,100.78077999999988
89.568,40.40666999999996
51.264,35.20522999999994
331.96,354.96001000000035
314.6,333.11195999999984
313.722,458.0346680000003
12.462,12.839280000000013
386.91,367.7642105000001
411.332,333.0999814999999
623.96,410.5209200000008
101.96,87.78730500000003
19.44,19.439200000000046
485.88,154.15100000000015
19.68,17.962449999999997
21.3,29.760849999999987
836.592,1028.9271245
5.5,46.42594999999997
7.992,15.523469999999989
3.282,3.592709999999997
137.24,148.93556
258.072,213.49039999999957
11.52,11.198660000000013
71.92,72.71253999999993
26.55,25.94265
131.136,190.70333000000002
657.504,616.1643719999994
723.92,698.4535900000001
331.536,401.10997499999974
1317.492,1402.8994049999994
1586.69,1540.038380000001
650.352,650.1072204999998
28.784,47.51780000000002
123.92,120.18147999999968
166.72,385.7210700000001
7.38,9.060500000000014
67.96,47.648640000000015
35.568,24.05564000000004
2.496,2.6832049999999987
942.784,634.0035400000006
6.984,13.619169999999999
32.4,32.53079999999991
17.52,103.5566899999999
12.96,12.998000000000024
2.808,2.7451949999999994
25.92,26.09640000000006
38.376,38.53655999999992
48.032,46.45915999999995
15.176,16.082319999999985
17499.95,9392.318729999988
101.52,99.78550000000001
933.536,1132.1429850000004
11.67,12.14355000000001
16.776,27.93784000000001
299.9,274.5556000000008
10.368,10.36799999999998
37.6,19.84270999999999
11.672,34.364505
7.584,17.980509999999992
17.46,17.494950000000014
34.384,39.02553999999996
4.812,5.08011000000001
68.81,52.852379999999975
28.4,29.247499999999942
11.2,17.10465000000002
19.936,80.93114999999999
16.38,22.66905
1024.716,455.98867899999897
17.088,16.95200000000001
25.92,25.815880000000035
220.2656,486.8484339999995
99.98,115.6915199999999
30.56,37.160005000000005
109.92,116.80329999999957
14.73,15.497300000000003
18.84,24.00623000000001
124.95,86.39951999999995
72.42,79.26762999999991
169.99,185.50600000000006
99.87,105.60835000000004
32.4,32.56769999999991
0.852,1.6875400000000025
331.536,380.8839829999998
92.064,129.62784500000006
47.52,44.552949999999974
9.024,9.568600000000002
42.976,47.66030000000001
121.96,223.05030499999992
727.296,742.1658409999992
1103.97,1505.8775799999996
609.98,976.0697200000002
39.98,29.58460000000002
24.672,23.06107999999999
89.99,83.19385599999981
3.444,3.731940000000002
15.984,34.27057000000005
15.936,15.578280000000012
294.368,377.0660449999998
73.32,71.12696999999994
335.744,192.4524624999998
9.11,8.707799999999992
2.22,4.712799999999997
2.624,2.47824
218.352,347.4341400000002
15.992,22.601980000000026
107.88,121.7088199999999
49.12,48.82650000000005
22.608,25.137320000000056
41.94,54.174889999999934
70.95,121.76980000000007
1473.1,1147.6505300000003
37.392,35.452569999999945
991.2,1190.4249000000016
66.03,65.83137000000008
19.44,19.440000000000044
137.54,201.92331999999965
4.312,4.638545000000004
3.536,3.8789400000000005
892.136,1243.3868899999993
159.768,165.47988000000004
482.34,396.56689499999993
15.28,15.365000000000036
724.08,1218.5242340000002
5.28,8.79455
115.296,118.78743999999968
132.52,215.57499999999993
6.096,6.39964
408.006,461.99643499999945
2624.985,1167.9809949999983
67.71,70.50835000000009
28.272,30.293979999999987
30.072,29.850200000000022
36.792,46.697900000000025
6.912,7.461160000000016
113.372,141.65957399999988
31.05,30.713749999999987
39.872,38.49744000000002
142.4,167.5120500000001
946.344,974.9893299999997
56.3,55.639349999999986
168.1,149.10467999999975
68.43,63.36925000000001
275.88,160.96156000000016
353.568,317.2548199999994
605.88,626.6271899999994
20.32,23.14487
13.14,14.177250000000004
50.997,61.52476000000004
56.16,50.692920000000015
15.96,16.562150000000006
17.31,22.657419999999988
8.28,8.027460000000012
11.84,12.633450000000007
17.496,26.237279999999995
11.352,11.773640000000007
155.04,158.71504999999976
19.9,17.250549999999997
244.768,276.08347999999955
128.85,164.6729499999998
358.58,253.13186000000007
117.144,166.59169499999985
91.96,57.63226999999999
15.92,15.688360000000012
205.992,41.17479
167.968,665.6470599999998
509.488,627.4434499999999
19.3,21.26563
69.52,107.73401
368.91,449.17818000000136
41.4,41.41059999999991
161.568,167.3552599999998
485.94,389.5273549999999
662.88,695.7797550000005
327.996,397.4188924999998
481.176,365.6826399999998
125.76,118.77095999999977
29.24,29.326999999999952
8.856,8.916529999999995
47.584,44.566359999999925
6.0,6.266359999999994
106.32,105.00919999999985
9.96,13.216180000000001
719.952,671.8946200000007
174.95,154.92911499999983
1879.96,1412.766614999999
47.52,49.39839999999995
6.783,6.091229999999999
220.98,242.75805
32.4,32.44669999999991
124.2,79.93730999999993
21.21,64.21754000000001
13.392,20.18844000000002
116.312,130.5099449999999
664.146,569.2592449999994
391.98,406.4545500000004
13.28,18.847970000000014
7.712,7.900519999999993
1090.782,999.3619620000004
26.18,10.454489999999991
199.98,225.42705000000058
204.6,200.05164999999957
19.44,19.434000000000047
21.39,38.99705999999998
46.152,55.834909999999944
23.976,20.643100000000032
17.92,20.33882000000002
155.372,221.56215799999976
6.08,6.370899999999993
205.9992,333.54088699999954
9.24,4.022429999999998
323.976,197.7486099999999
11.96,12.580350000000005
127.95,70.77777
3.24,3.5319850000000015
1394.95,1421.312610000001
11.07,10.65719999999999
17.12,15.200049999999997
602.651,726.131320999999
47.98,50.02805000000005
149.544,151.60724000000005
710.832,748.9813125000004
28.352,30.26163999999999
109.92,112.49954999999959
15.712,16.58723999999998
23.16,19.501114999999984
119.94,74.72868999999993
6.368,8.48063999999999
19.9,17.857200000000006
18.18,18.53126499999999
87.92,85.8704
43.57,119.99468999999998
2.112,2.045019999999999
29.925,627.9845349999995
210.564,339.5715499999997
209.3,187.78339000000008
0.99,13.76113999999999
19.136,20.77280000000001
19.54,24.465510000000013
39.992,41.77056000000009
119.976,168.73881999999975
23.1,39.068149999999996
9.48,10.691010000000011
53.94,57.39555000000013
7.872,10.267480000000024
631.782,874.7452850000009
76.776,67.00807499999996
20.7,20.875149999999948
36.4,35.59705000000004
13.4,23.987859999999987
68.46,69.94320999999967
2.694,3.0117950000000038
123.92,96.88252
99.68,92.78287999999986
396.92,1714.4151700000004
6.7,6.311029999999996
587.97,613.0464300000002
58.2,86.33541999999996
4.728,33.988300000000024
132.16,163.7812899999999
97.82,96.78749999999997
197.58,492.2238000000002
64.384,61.31783000000004
80.58,169.0767
135.8,313.9964899999996
273.896,290.5495400000002
1184.72,598.8722700000004
40.635,43.57731999999994
50.352,50.99675999999997
244.55,196.84186999999991
145.98,177.79662499999984
167.94,172.0950499999998
4.72,4.763399999999994
330.4,540.142099999999
27.168,20.50408
85.52,129.58985000000004
6.63,7.608030000000009
54.816,52.97587999999998
199.98,211.76535000000044
72.588,67.83091999999996
29.9,29.662549999999968
8.36,11.672010000000022
6.368,6.338559999999998
28.4,41.287340000000015
26.4,26.15380000000003
5.04,5.052929999999992
51.465,58.056029999999986
158.376,124.42231999999993
17.3,17.343300000000003
64.96,77.14710000000011
1399.944,253.25392000000022
1007.944,764.767550000001
189.95,157.33416000000022
117.488,121.13664000000004
116.76,171.19505000000004
23.136,23.972839999999984
127.554,272.1789919999997
106.08,88.78499500000007
159.96,206.87295999999984
18.96,26.33828000000001
8.64,8.56585000000003
436.704,463.9541919999989
769.184,672.3952850000001
4.448,4.456199999999992
6.368,6.693439999999997
58.36,46.96840499999994
107.982,130.62476499999988
177.0,120.16704
256.784,330.5402375
41.4,41.31209999999994
6.16,12.35466
30.344,37.20366000000005
54.192,50.98490000000005
11.62,7.562100000000008
497.61,624.3050999999999
109.592,102.15704000000005
46.2,37.57874999999994
327.76,335.40615000000014
5.193,4.833239999999992
43.296,20.1968
18.24,18.749600000000015
9.264,8.860609999999998
12.39,12.598600000000001
2504.74,1983.8705049999978
258.696,293.4751000000003
49.65,72.68723000000003
332.94,355.8582000000003
20.24,22.81409999999999
70.68,160.48396
280.792,424.5433925000001
265.17,223.59462000000025
209.5,207.05345000000008
11.648,16.134110000000017
59.1,71.91751000000006
215.65,317.3882800000005
22.92,23.072150000000008
5.184,5.192799999999993
34.76,34.588839999999934
13999.96,9195.657089999999
385.6,324.6490999999998
258.75,469.86348999999973
26.2,25.83930000000004
84.416,80.48291999999995
8.64,8.830050000000002
617.97,618.1674500000007
60.84,77.01289000000007
63.92,12.867099999999995
899.136,653.6261749999992
91.36,86.71308000000003
1925.88,1826.7445249999996
43.056,46.966279999999955
526.582,397.13584999999983
42.76,39.14719999999999
58.112,46.17709999999994
71.088,100.25343499999984
12.96,12.968000000000027
4.928,5.068129999999989
15.488,25.649810000000063
540.57,571.1854500000013
271.764,404.35339999999997
20.416,19.193999999999996
7.104,8.257119999999999
82.26,122.31697999999986
31.05,30.43564999999999
9.872,10.628639999999995
13.05,12.695099999999995
72.294,79.90899999999988
161.568,200.03963999999982
221.55,92.99083999999998
79.36,71.85004
25.16,24.23181999999998
182.994,241.01118499999953
14.952,14.720439999999988
131.88,168.78910000000013
13.48,34.71073999999996
115.96,155.67460499999993
10.368,10.36907999999998
307.136,322.7918474999996
21.594,20.311224999999993
91.99,31.21208999999998
69.008,71.50851
49.53,50.133600000000044
26.176,36.54952000000002
22.752,31.94212000000001
16.704,18.167920000000024
89.9,93.35204999999996
272.048,257.2014299999995
6.744,7.217410000000006
2.92,2.996930000000002
9.81,9.510025000000015
286.93,290.62850000000026
10.528,10.772319999999985
33.28,299.82625999999965
15.192,15.261839999999998
31.104,31.29336000000004
5.768,10.586110000000001
239.372,139.4752699999999
271.764,388.8039800000003
3.798,3.989279999999998
19.136,24.62308
585.552,687.3390600000006
59.52,58.64730000000022
9.42,8.88175000000001
0.556,0.9359050000000018
8.67,8.851259999999998
99.136,59.04492000000002
6.54,6.489250000000006
19.44,19.440000000000044
18.28,18.265450000000033
61.4,62.07984999999986
19.104,27.994930000000007
8.952,8.41774
10.48,11.187559999999987
35.232,34.74111999999998
50.0,48.551409999999976
35.168,118.46284000000007
16.74,17.643900000000002
11.96,12.557700000000011
66.96,89.42120999999992
1.044,1.1486649999999996
111.96,112.08029999999967
1690.04,1465.5142999999996
483.136,610.7193900000002
120.666,230.65461249999993
146.73,145.81704999999974
140.67,214.03705999999957
98.376,99.35772000000004
14.016,14.66884000000001
4.356,9.57465
5.81,3.848500000000002
364.776,471.59595499999995
167.84,43.03131999999998
6.912,7.055860000000011
22.77,28.931360000000005
98.46,112.52474999999995
1928.78,2233.892265000004
19.68,19.77931999999997
32.985,143.66346499999986
20.7,20.75129999999993
331.023,329.9346704999996
12.06,13.276215000000029
58.72,57.956999999999844
46.384,158.63293099999987
464.97,524.7173199999995
14.46,15.105799999999997
36.84,35.26814999999997
99.372,138.70453999999984
4.928,5.018839999999994
13.128,15.654280000000028
356.85,318.2701499999997
19.752,19.67680000000001
1347.52,1070.663089999999
118.25,260.4318100000003
141.372,413.7074560000008
70.98,73.27025000000017
6.54,5.799969999999999
50.784,50.15575999999998
383.438,428.472635
128.34,198.65013000000016
28.672,30.07564
249.584,350.7231099999998
12.99,22.464129999999983
32.4,33.610349999999926
44.94,84.89189000000013
1.98,16.651429999999998
881.93,689.8102500000006
715.64,563.8053300000004
8.75,8.779600000000018
5.56,6.543479999999995
23.0,21.91489999999996
21.84,23.021400000000014
45.584,51.13112000000008
15.696,15.377439999999968
19.44,19.440000000000044
27.42,39.43599000000005
9.82,9.954850000000002
409.216,382.3107574999998
18.56,18.931359999999987
25.824,26.360519999999998
18.72,19.201479999999982
99.12,102.39005000000004
1001.584,1054.7618899999995
277.4,281.8490000000006
7.968,6.927239999999994
36.624,34.37559499999999
6.848,6.732039999999988
17.472,17.80064000000001
1001.584,999.0474699999993
33.12,34.29599999999999
6.0,6.141669999999994
600.53,603.7992549999994
19.168,18.956279999999996
97.88,104.07310000000001
119.616,120.74240000000009
100.94,148.81455500000004
4297.644,12733.549370999996
271.968,253.41378000000012
18.06,16.680050000000016
20.736,20.898279999999986
2022.272,2509.289455000001
7.488,8.007864999999997
17.088,13.922480000000009
298.464,426.7544999999999
239.666,288.31782499999963
348.84,430.1962500000007
144.95,151.98115000000035
479.94,209.12130999999977
50.352,50.699000000000005
52.792,46.63195000000002
13.08,12.815999999999995
121.68,111.92993999999992
53.982,129.24419000000006
234.36,268.7872400000001
45.68,45.558500000000095
6.258,6.677239999999997
405.86,388.01540499999976
137.62,208.50505000000015
279.86,539.2659500000003
85.246,232.6993460000001
67.992,82.88037000000004
52.29,35.43515000000003
143.7,144.51305000000013
47.04,96.68867000000027
9.584,9.320080000000013
3.882,3.727909999999997
1.392,4.163720000000007
399.95,509.0239299999999
9.84,10.224899999999995
15.424,14.718760000000005
36.0,28.480839999999965
55.98,64.82081999999996
5.04,5.060079999999986
29.6,30.576550000000008
41.96,85.02626999999985
3.564,3.755479999999999
2.89,3.187379999999994
144.12,144.33450000000005
119.7,119.04010000000008
17.48,17.435400000000005
19.152,12.167199999999996
28.4,27.43755000000002
659.9,709.505114999999
69.216,107.08739999999993
11.304,5.187750000000009
6.48,6.5491000000000055
2239.936,1575.1989500000009
791.88,664.2027599999998
34.248,34.53031999999997
24.448,25.585719999999995
631.782,869.4407299999999
32.4,32.428199999999904
377.97,359.71383000000077
167.97,137.51252999999994
148.704,160.94284000000002
537.544,395.7729599999994
46.74,151.04265
79.96,78.41947999999991
141.96,121.97555000000006
160.32,157.65945000000002
46.76,46.48225000000004
60.74,92.26687499999981
79.968,147.0414959999997
31.36,33.246499999999976
13.392,15.040799999999997
95.952,86.10416000000004
81.568,54.16948000000002
647.84,345.2143399999999
2887.056,2227.4060500000023
201.584,143.4957999999999
141.4,187.1535500000004
302.384,318.7507399999996
3.89,6.353629999999997
45.98,29.52418999999999
32.064,60.561240000000005
2799.96,2292.4793850000055
77.55,85.25819999999987
19.44,19.432850000000045
271.9,285.37095000000056
3.488,3.244580000000003
18.936,18.095720000000004
1196.86,547.2264200000002
3266.376,2997.7247400000006
15.552,15.55680000000002
22.14,19.75471000000002
71.984,270.40047999999973
5.04,10.861799999999992
29.9,188.84209999999976
31.168,41.697999999999986
11.88,11.458999999999993
11.98,12.150979999999997
21.8,43.90936999999998
542.94,538.6754800000006
24.9,24.777550000000023
238.896,244.5951849999997
383.976,393.38855999999976
356.79,370.3049600000002
45.36,45.44024999999997
71.976,103.73694999999998
105.584,103.68041000000012
7.408,10.586560000000013
194.352,275.5775309999997
563.024,991.1993650000007
204.6664,183.609681
87.92,95.23353999999993
143.96,146.3380500000001
12.96,12.968000000000027
37.32,54.022539999999964
31.4,43.9632999999999
692.472,1874.3035450000002
200.795,171.34283499999995
6.384,6.307309999999994
1263.3,1254.3402800000013
6.48,6.479900000000011
67.9,87.25385999999993
48.94,49.43834999999993
113.6,216.16425999999993
121.536,148.10293999999982
85.52,97.35712999999993
479.952,465.90192000000076
5.46,7.911550000000005
210.392,289.5754699999997
153.584,147.01370999999983
88.92,67.83230000000009
21.312,23.897119999999994
113.568,89.65218000000019
58.36,60.054425000000045
213.08,240.14290999999955
62.8,98.06785999999997
44.384,45.66215999999996
3.808,4.143989999999998
3.304,4.17131
78.256,86.96253999999986
1198.33,732.0938450000003
9.78,13.547650000000019
543.92,566.6383000000001
37.68,33.18396999999998
104.85,138.0118999999999
5.94,6.253980000000005
11.84,14.804960000000001
241.332,518.965323999999
1079.316,456.5043649999993
99.98,61.491119999999846
196.21,228.24113999999983
194.352,297.9112099999995
57.9,63.22029999999995
11.976,12.495265000000018
99.488,91.83082999999995
31.4,43.45987000000003
167.968,721.0644700000006
7.072,8.36511999999999
48.72,104.32693999999994
1114.272,604.6988
242.352,257.1205805000001
324.744,412.8974855
3050.376,3655.593699999997
33.488,75.83145000000006
23.92,24.263450000000045
16.4,11.448949999999995
21.36,20.28532000000003
1379.92,2186.0362499999987
215.592,296.6305449999993
799.984,920.3916849999997
70.98,192.3670750000001
75.06,69.75570000000019
77.56,77.06249999999982
270.34,408.0094499999998
60.81,63.61881000000001
362.352,632.9995225000004
214.95,219.46558149999967
23.84,47.725600000000014
25.92,27.7211
399.96,479.05075000000056
2.48,4.136510000000006
52.512,56.42148000000008
12.42,12.967689999999987
274.064,321.61737999999986
24.56,47.09664000000001
16.9,17.00190000000005
59.94,59.78909999999992
1552.831,1635.7588750000007
340.92,174.11507999999958
5.56,4.7257499999999855
6.56,6.406249999999989
486.368,650.6106300000001
173.488,179.457
160.776,152.08387999999968
34.504,20.433260000000008
8.272,8.907759999999989
70.56,117.5273549999999
35.208,25.299259999999983
2563.056,1456.9208350000004
290.336,383.18431999999973
10.688,10.640800000000022
1085.42,1160.493000000001
21.184,54.98633999999992
91.68,98.83445000000005
91.92,167.4918699999996
57.06,77.00837999999993
29.94,34.533055
1781.682,1850.6451874999998
11.07,11.102699999999992
4.98,5.439999999999994
537.544,554.3750300000015
281.424,724.679036999999
2715.93,3313.77488
18.312,18.319839999999942
23.976,20.85153999999999
10499.97,9586.108560000004
1363.96,740.8929199999991
7.236,8.146035000000017
600.558,431.5301
0.444,2.0567600000000015
54.816,53.00019999999999
2.464,2.6066849999999993
7.152,7.6960500000000165
29.46,29.31264999999998
127.96,133.04900000000026
17.48,19.034800000000015
478.48,608.6600924999997
255.68,406.84215000000023
1.408,1.51284
8.544,13.412740000000007
242.9,248.13419999999974
18.75,20.70585000000005
13.96,48.69818999999996
559.992,761.7612099999992
214.7,365.64481999999975
67.176,112.99660999999988
75.792,72.44079999999995
27.96,84.80334999999992
109.8,187.98747000000014
63.882,117.50934499999994
151.92,161.83806999999985
206.1,233.6622000000001
58.24,39.33662999999999
1924.16,1185.3284900000017
3.564,3.7888299999999977
58.36,60.55557000000002
39.072,46.80323000000005
146.73,126.75761999999985
4.928,5.477079999999998
56.568,78.12788999999987
15.552,15.56336000000002
32.94,106.78131999999998
369.576,399.76691499999987
264.32,219.3319800000001
91.96,57.54671000000002
190.72,112.6783749999999
14.19,17.456179999999982
241.176,170.69098999999983
22.368,33.19720999999996
299.97,385.01976000000053
82.368,97.95246999999986
12.96,12.996800000000029
79.36,136.10890500000002
48.896,36.66574
170.352,422.499025
170.24,255.22200999999993
499.95,512.1630799999997
1217.568,1269.967839999999
4.928,5.494879999999998
127.764,200.69813999999988
32.544,45.81712999999997
388.704,522.887605
44.4,44.908899999999896
245.94,260.51630000000006
18.48,54.20660000000009
141.42,159.99156
47.952,47.05867999999999
143.73,215.77430000000012
662.88,788.2926975000008
89.712,88.33003999999997
149.9,295.25966500000004
344.91,190.24103000000014
62.91,88.8469199999999
47.616,27.06243000000001
43.176,39.80071999999997
6.464,8.421139999999994
113.328,102.42520000000013
18.75,21.41610000000005
240.744,302.22876999999954
155.37,194.60871799999987
585.552,715.4328700000007
959.984,1516.1693399999983
42.048,32.85503
3.15,3.287689999999991
30.0,30.377499999999976
239.9,265.561
25.92,26.546719999999997
19.92,19.914909999999992
12.96,12.943600000000027
26.424,29.754520000000003
79.96,84.67432999999996
93.06,122.22379000000001
91.008,102.25054000000007
265.93,177.95288999999997
54.9,136.65133000000043
12.6,12.906649999999992
8.94,8.742710000000006
46.0,44.04614999999996
140.736,550.2287999999994
18.69,18.402415000000023
11.68,15.377149999999979
69.52,133.95083000000028
11.784,12.655480000000022
10.9,11.132149999999982
46.84,105.43002000000003
18.528,36.187519999999964
306.9,341.76851000000016
230.352,279.6687824999997
210.68,180.2401499999999
89.95,110.41755000000018
114.46,278.1638500000005
15.24,15.49205
1080.096,492.4274149999991
135.882,209.45692000000014
10.74,11.483649999999995
99.12,105.29190000000003
10.23,10.47090000000002
22.784,39.49223000000003
9.98,10.118919999999974
10.95,10.847049999999983
99.99,132.62561999999988
1003.62,220.7885600000001
457.485,469.67134399999986
107.984,30.47680000000003
12.96,12.968000000000027
59.98,114.54536999999982
16.032,16.453280000000035
87.168,80.52099999999994
479.97,551.21172
76.14,150.46780000000015
60.288,47.63683499999999
671.93,153.93255999999994
128.744,172.51201499999988
28.14,29.60965000000001
542.94,573.5597800000005
390.368,515.7790900000002
13.12,21.466340000000056
136.464,324.46540499999986
185.528,246.93361000000016
5.344,5.706450000000003
18.16,37.90918999999998
9.45,9.708100000000023
70.464,104.75441000000001
18.264,19.071570000000005
108.4,98.90879999999976
18.088,18.531480000000023
8.76,8.885149999999989
626.1,781.6330900000013
147.568,54.29190000000003
61.568,43.64584999999998
38.864,68.87856
15.696,15.01991999999998
79.45,166.8912899999999
11.76,11.788899999999991
6.48,6.478400000000014
637.44,828.8013499999993
54.992,159.11563000000015
40.176,40.15899999999994
206.991,217.45060500000008
95.984,53.60178000000008
191.82,389.0063400000004
597.132,627.5038049999998
1363.96,800.4684699999995
902.712,653.8760299999999
146.688,176.47251999999975
99.39,140.2612600000001
478.24,488.0786499999998
238.152,803.3071499999996
1056.86,1190.8803500000015
911.424,902.2787200000012
18.496,18.022880000000008
118.16,164.05343999999982
79.984,104.08784999999983
53.97,50.60995000000003
1439.968,1103.4521349999993
26.406,35.006959999999985
8.552,8.51534999999999
113.73,120.96104999999974
6.68,6.633950000000003
4.832,5.021659999999995
63.9,62.38599999999999
16.096,14.627559999999983
23.976,22.526399999999988
192.72,229.53755
199.9,121.41240000000002
68.46,42.81514999999996
1245.86,1196.2072100000003
39.66,39.82474999999991
10.9,35.02133999999998
9.98,17.217020000000005
21.072,26.90815000000001
12.96,12.944900000000027
210.98,222.2222700000001
125.7,150.3316
51.75,51.87654999999998
13.98,75.1802399999998
9.952,15.275910000000009
15.552,15.818600000000014
11.67,11.695454999999995
144.96,220.22640999999982
93.024,97.40951999999987
11.088,11.055735
975.92,1624.524995
13.04,15.393949999999972
1099.96,839.3645799999996
38.88,39.12995000000007
79.974,139.4907499999997
16.192,11.784
23.992,32.00329999999996
67.98,57.063449999999904
9.184,12.324540000000015
9.84,9.790149999999983
227.36,387.5291
9.45,9.725950000000026
113.92,114.76893999999965
2.502,2.56125
415.872,238.91576999999972
2.97,16.674890000000023
5.68,5.247199999999991
133.12,157.75044999999974
39.312,36.63707999999991
12.96,12.964000000000025
14.9,14.731700000000023
27.44,30.225709999999957
617.7,656.9334
30.336,46.44090000000001
34.176,40.80469000000001
19.872,19.58459999999999
6.23,6.3484299999999925
53.2,100.66428999999992
37.52,38.75910000000005
79.96,77.00114999999977
409.9992,441.2931700000001
43.176,174.49849999999984
66.58,146.36649000000008
82.26,133.75302999999982
6.63,7.718340000000012
603.92,661.4340650000004
86.352,46.61577500000001
449.1,863.9815500000005
49.12,48.57564999999995
72.704,98.76816499999997
149.95,150.85985
21.248,35.10932999999999
11.394,11.283849999999996
31.68,32.87507999999998
33.4,33.68299999999996
14.576,13.042800000000026
1228.465,758.9047499999972
760.116,460.4688789999987
3.208,3.2616350000000005
239.952,266.4947099999997
11.76,10.73885
20.9,33.98175000000004
39.936,37.016535000000005
57.96,59.14384999999984
51.98,51.949899999999914
88.074,77.99578000000011
29.8,27.22040000000001
6.672,7.421519999999995
304.776,294.8451999999993
146.688,139.1426800000002
20.94,20.820300000000024
209.67,76.51636000000002
470.302,480.2519789999989
44.4,44.72124999999987
43.26,42.791749999999986
31.744,18.104840000000003
105.52,103.22720000000012
24.448,24.585200000000036
1004.976,997.1070949999988
39.9,121.56330000000008
3.48,13.96728
41.86,39.479350000000075
34.7,35.81464999999996
9.26,10.107650000000005
68.448,120.46592999999997
15.552,15.56048000000002
404.9,163.80900000000022
43.13,52.07441999999998
74.352,73.80272000000024
14.94,14.95310000000004
212.94,245.84252500000028
219.184,176.08935999999983
12.672,11.595629999999993
32.4,32.48134999999993
33.48,51.56167999999995
466.32,249.41359500000002
304.9,306.01145000000025
2.21,24.629879999999993
81.568,151.80855999999991
99.918,166.97797499999982
11.12,43.12552000000003
15.552,16.271360000000033
65.5,68.20515000000019
1044.63,1430.9396050000003
20.88,20.35350000000001
394.816,509.2213800000005
43.7,43.013449999999956
20.736,20.685039999999972
1.938,1.9291050000000016
30.28,38.38560999999997
9.87,9.682550000000015
459.95,134.67151000000007
22.32,35.48819999999998
242.94,275.17053000000016
2.334,8.86181000000003
9.48,9.923840000000014
54.896,53.15915999999997
102.36,95.33199999999994
4355.168,3505.2604199999982
1336.829,573.3367824999995
512.499,353.34968350000076
10.476,12.41928000000001
7.36,7.372389999999975
2591.56,2266.028095000003
65.78,75.64480000000016
1747.25,2599.5008600000006
5.344,7.318999999999994
14.67,14.124199999999991
899.97,799.0042899999999
196.62,238.6155800000001
1348.704,1167.8840999999989
12.96,12.988700000000025
87.168,80.98486000000001
1039.728,852.3343699999999
11.34,11.296499999999982
1115.91,744.31189
5.8,6.69085999999999
179.9,168.97471999999982
1117.92,632.705649999999
9.94,11.558860000000017
492.835,612.8063074999984
9.64,13.647950000000002
2.296,2.209049999999998
39.96,43.21418000000004
600.558,320.1801279999995
57.584,58.00400000000003
126.3,148.57727000000006
206.35,321.6306999999997
23.2,22.03389999999998
268.935,376.2804600000002
616.998,564.8667714999985
8.016,10.382420000000026
332.94,135.49859999999993
35.4,39.676349999999964
1649.95,1830.4742800000001
4.13,4.084299999999994
399.96,176.75491999999988
39.128,68.12055000000004
2104.55,2133.794200000001
6.294,5.09239
26.7,25.981499999999986
3.76,3.5436000000000014
70.008,68.73744000000006
8.352,33.94125000000001
100.704,87.54288999999991
28.782,29.287050000000033
193.95,145.08126999999996
3.648,3.7297599999999944
259.896,263.0695120000001
14.4,14.433400000000052
21.72,24.669439999999998
2395.2,1367.0961000000007
72.0,76.19938999999992
211.168,270.217359999999
30.345,328.46627
11.744,11.31615999999999
75.88,77.23835999999994
883.92,631.6198789999992
959.984,936.9014399999994
196.784,249.57593999999975
3.08,3.2395999999999923
88.768,91.59079999999999
41.04,331.10659999999945
6.976,9.043269999999993
899.43,644.8285619999995
36.792,46.06994000000007
39.992,43.13321999999997
431.976,413.3815220000002
97.82,96.94064999999995
99.87,93.01220000000005
11.424,10.782000000000025
72.78,80.19196999999991
91.056,94.30803999999985
1793.98,1956.725250000001
51.52,33.0158
1117.92,816.1621499999995
10.368,10.36439999999998
1.728,1.6982200000000034
195.466,342.6961329999994
25.92,25.596440000000044
41.96,67.75685999999992
10.944,13.431980000000012
899.43,509.91972999999933
253.372,304.55752500000006
90.0,121.61177499999991
50.0,42.78205999999994
383.4656,499.7579689999998
63.88,124.77025499999996
18.9,18.81835000000004
373.08,343.8084200000001
11.52,12.231439999999996
699.93,787.3103799999993
2.624,2.896915000000003
13.128,40.906940000000006
15.84,16.65768000000004
279.9,289.8346000000005
10.9,9.463740000000014
345.0,258.6459600000002
35.0,35.38330000000005
4.768,5.8517700000000055
1793.98,1915.3052000000018
150.8,162.62167999999963
7.83,8.021049999999994
7.98,8.72599999999999
10.47,10.034249999999998
102.96,40.95614999999996
16.52,23.81549999999996
2033.584,1975.1816100000003
31.984,17.547670000000004
30.36,54.531859999999995
39.624,39.297439999999895
3.132,3.6764999999999977
99.98,73.95922999999988
5.76,5.78339999999999
519.96,543.41508
74.95,134.85349999999997
230.352,300.5568774999996
239.666,219.5684839999997
25.164,22.676454999999986
3.984,3.893770000000001
71.992,101.26794499999986
38.34,34.79964999999994
12.96,13.665400000000023
2.52,4.30983
19.44,19.440000000000044
470.36,551.0109500000002
56.704,55.819599999999944
547.136,497.1473089999992
13.62,12.941350000000016
10.08,10.621789999999981
13.36,14.553100000000013
8.64,8.911130000000016
1199.976,1474.9443199999985
72.784,113.78077499999986
111.888,143.99523000000013
76.92,195.1560399999996
5.184,5.302480000000003
75.384,70.0165349999998
25.06,24.787000000000017
104.68,100.47380000000007
14.73,15.437650000000017
323.1,410.3008500000001
99.95,75.52222999999992
310.12,244.41500000000033
10.272,7.698960000000015
43.6,49.53514000000008
16.464,17.943959999999972
19.432,121.39664999999964
68.742,66.09243499999997
562.2925,680.9173564999999
23.32,20.070349999999998
73.98,137.80082000000002
7.968,8.111040000000006
390.272,780.6791049999991
13.216,13.368399999999987
16.03,16.12953999999998
31.96,13.517399999999991
63.88,122.08044500000013
0.898,0.955480000000002
1039.992,374.47062999999946
283.56,258.5640700000003
128.058,241.34100399999951
761.544,800.6293199999996
704.76,591.2902000000016
152.91,142.76231999999965
755.96,798.9932900000005
8.74,9.051290000000002
11.648,11.023919999999986
601.536,606.3378399999992
164.85,172.79150000000024
22.92,23.143550000000026
27.18,26.401300000000088
1799.97,1030.6677749999988
6.96,18.38171000000001
339.96,381.41067000000027
1408.1,1520.7871800000032
291.96,286.07591000000025
108.576,87.59923000000012
43.96,63.389530000000015
124.2,154.4794949999999
152.94,155.3041399999997
10.86,11.519800000000007
129.3,62.42253999999984
90.93,117.88239000000013
8.72,13.23116000000002
20.12,19.566500000000048
885.528,643.7345889999988
6.368,3.9277000000000015
17.12,17.679900000000018
76.3,82.41605000000006
180.96,171.8207699999996
24.424,25.05935999999999
411.98,435.40035000000046
512.358,282.8061509999995
567.12,1257.8316720000025
118.99,133.83450000000005
50.32,65.03198000000009
6.48,6.480000000000014
49.408,52.95016000000003
29.99,59.240679999999905
39.296,51.79423000000007
327.76,327.82320000000055
21.184,19.858400000000046
57.576,63.14343999999997
110.352,89.67777000000012
17.04,16.499199999999984
2054.272,1579.0268850000014
83.952,77.8056499999998
341.488,641.6453939999989
